天数,日期,星期,日期类型,当日摘要,角色状态,上午活动,中午活动,下午活动,晚上活动,夜间活动,特别事件,情绪状态,天气,主要地点
1,2025-06-24,星期二,普通日,方知衡今日将进行常规的学术研究、教学工作，并安排个人休闲时间，保持自律高效的生活节奏。,方知衡今日心理状态平稳，专注于工作与个人兴趣，保持一贯的冷静与内省。,"[{'activity_name': '晨跑', 'time_detail': '06:30-07:00', 'location': '住宅附近公园', 'details': '方知衡有每日晨跑的习惯","[{'activity_name': '天文系授课', 'time_detail': '09:00-11:30', 'location': '云枢大学天文系教室', 'details': '今日方知衡","[{'activity_name': '课题研究', 'time_detail': '14:00-16:30', 'location': '香丘天文院实验室', 'details': '方知衡将专注于","[{'activity_name': '超市采购', 'time_detail': '18:00-18:45', 'location': '高端超市', 'details': '方知衡计划采购新鲜果蔬","[{'activity_name': '电影欣赏', 'time_detail': '20:30-22:30', 'location': '家中影音室', 'details': '方知衡选择了一部科幻",,,,
2,2025-06-25,星期三,普通日,方知衡今日将进行常规的学术研究、教学工作，并安排个人休闲时间，保持自律高效的生活节奏。,方知衡今日心理状态平稳，专注于工作和个人兴趣，保持一贯的冷静和内省态度。,"[{'activity_name': '晨跑', 'time_detail': '06:30-07:00', 'location': '住所附近的公园', 'details': '方知衡计划进行每日的","[{'activity_name': '教学工作', 'time_detail': '09:00-12:00', 'location': '云枢大学天文系教室', 'details': '方知衡将在大","[{'activity_name': '学术研究', 'time_detail': '13:30-16:30', 'location': '香丘天文院研究室', 'details': '方知衡计划在研","[{'activity_name': '返回家中', 'time_detail': '17:30-18:00', 'location': '私家车', 'details': '方知衡驾驶私家车返回家中","[{'activity_name': '阅读与整理', 'time_detail': '20:00-21:30', 'location': '家中书房', 'details': '方知衡计划在书房进行",,,,
3,2025-06-26,星期四,普通日,方知衡今日将保持一贯的自律高效节奏，进行学术研究、教学工作，并安排个人休闲时间，包括晨跑、阅读和观影。,方知衡今日心理状态平稳，精神专注，一如既往地保持冷静和高效，对学术研究充满热情，对生活细节保持严谨态度。,"[{'activity_name': '晨跑', 'time_detail': '06:30-07:00', 'location': '家附近公园', 'details': '方知衡计划进行每日的晨跑","[{'activity_name': '午餐', 'time_detail': '12:30-13:30', 'location': '安静的粤菜餐厅', 'details': '方知衡会选择一家干净","[{'activity_name': '教学工作', 'time_detail': '14:00-16:00', 'location': '云枢大学天文系教室', 'details': '方知衡将为学","[{'activity_name': '晚餐与休闲', 'time_detail': '18:30-19:30', 'location': '家中', 'details': '方知衡会亲自准备晚餐，可","[{'activity_name': '睡前阅读', 'time_detail': '22:30-23:00', 'location': '卧室', 'details': '睡前，方知衡会阅读一本严肃",,,,
4,2025-06-27,星期五,普通日,方知衡今日将保持一贯的自律高效节奏，进行学术研究、教学工作，并安排个人休闲时间，包括晨跑、阅读和观影。,方知衡今日心理状态平稳，精神专注，因小雨天气略显愉悦，计划在室内安静环境中高效完成工作与休闲活动。,"[{'activity_name': '晨跑', 'time_detail': '06:30-07:00', 'location': '小区内跑步道', 'details': '尽管有小雨，方知衡仍坚","[{'activity_name': '研究生指导', 'time_detail': '09:30-11:30', 'location': '云枢大学天文系办公室', 'details': '与两名研","[{'activity_name': '望远镜调试', 'time_detail': '14:00-16:00', 'location': '香丘天文台', 'details': '前往香丘天文院，手","[{'activity_name': '晚餐准备', 'time_detail': '18:30-19:30', 'location': '家中厨房', 'details': '回家后准备简单的晚餐：","[{'activity_name': '睡前阅读', 'time_detail': '22:30-23:00', 'location': '卧室', 'details': '睡前阅读一本严肃文学作品，",,,,
5,2025-06-28,星期六,普通日,方知衡今日将保持自律高效的生活节奏，进行晨跑、学术研究、阅读和观影，享受一个安静充实的周末。,方知衡今日心理状态平和，精神专注，计划充分利用周末时间进行学术研究和自我提升，同时安排适当的休闲活动放松身心。,"[{'activity_name': '晨跑', 'time_detail': '06:30-07:30', 'location': '家附近公园', 'details': '方知衡计划在清晨阳光明媚","[{'activity_name': '学术研究', 'time_detail': '09:00-12:00', 'location': '家中书房', 'details': '方知衡计划在书房进行宇","[{'activity_name': '午餐与休息', 'time_detail': '12:30-13:30', 'location': '家中餐厅', 'details': '方知衡准备一份清淡的","[{'activity_name': '晚餐与散步', 'time_detail': '18:00-19:00', 'location': '家附近安静街道', 'details': '方知衡准备一份","[{'activity_name': '观影', 'time_detail': '20:00-22:00', 'location': '家中客厅', 'details': '方知衡计划观看一部科幻纪录",,,,
6,2025-06-29,星期日,普通日,方知衡今日将保持自律高效的生活节奏，进行晨跑、学术研究、阅读和观影，享受一个安静充实的周末。,方知衡今日心理状态平静且专注，精神状况良好，准备充分利用周末时间进行自我提升和放松。,"[{'activity_name': '晨跑', 'time_detail': '06:30-07:30', 'location': '家附近公园', 'details': '方知衡计划进行一小时的晨","[{'activity_name': '学术研究', 'time_detail': '09:00-12:00', 'location': '家中书房', 'details': '方知衡计划利用上午的时","[{'activity_name': '午餐与休息', 'time_detail': '12:15-13:00', 'location': '家中餐厅', 'details': '方知衡准备一份清淡的","[{'activity_name': '观影', 'time_detail': '16:00-18:00', 'location': '家中客厅', 'details': '方知衡选择一部科幻或历史题","[{'activity_name': '晚餐与散步', 'time_detail': '18:30-19:30', 'location': '家中餐厅及附近', 'details': '方知衡准备一份",,,,
7,2025-06-30,星期一,普通日,方知衡今日将保持自律高效的生活节奏，进行晨跑、学术研究、阅读和观影，享受一个安静充实的工作日。,方知衡今日心理状态平稳，精神专注，一如既往地保持严谨和自律的态度，对工作和生活充满责任感。,"[{'activity_name': '晨跑', 'time_detail': '06:30-07:00', 'location': '住所附近的公园', 'details': '方知衡计划在清晨进行","[{'activity_name': '午餐', 'time_detail': '12:00-13:00', 'location': '天文院附近的粤菜餐厅', 'details': '方知衡会选择一","[{'activity_name': '学术会议', 'time_detail': '14:00-15:30', 'location': '云枢大学天文系会议室', 'details': '方知衡作为","[{'activity_name': '晚餐', 'time_detail': '18:30-19:30', 'location': '家中餐厅', 'details': '方知衡会准备一份简单的晚餐","[{'activity_name': '睡前阅读', 'time_detail': '22:30-23:00', 'location': '卧室', 'details': '方知衡会在睡前阅读一段严肃",,,,
8,2025-07-01,星期二,普通日,方知衡今日将保持自律高效的生活节奏，进行晨跑、学术研究、阅读和观影，享受一个安静充实的工作日。,方知衡今日心理状态平稳，专注于工作和个人兴趣，保持一贯的冷静和内敛。,"[{'activity_name': '晨跑', 'time_detail': '06:30-07:00', 'location': '家附近公园', 'details': '方知衡计划进行每日的晨跑","[{'activity_name': '午餐', 'time_detail': '12:00-13:00', 'location': '安静的粤菜餐厅', 'details': '方知衡会选择一家环境","[{'activity_name': '教学工作', 'time_detail': '14:00-16:00', 'location': '云枢大学天文系教室', 'details': '作为客座教授","[{'activity_name': '晚餐', 'time_detail': '18:30-19:30', 'location': '家中餐厅', 'details': '方知衡会回家准备晚餐，可能","[{'activity_name': '睡前准备', 'time_detail': '22:30-23:00', 'location': '家中卧室', 'details': '方知衡会进行睡前的洗漱",,,,
9,2025-07-02,星期三,普通日,方知衡今日将保持自律高效的生活节奏，因沙尘天气调整户外活动为室内运动，专注学术研究并安排个人休闲时间，享受一个安静充实的工作日。,方知衡今日心理状态平稳，因沙尘天气略显不安，但依然保持专注和高效的工作态度，对室内活动安排感到满意。,"[{'activity_name': '室内运动', 'time_detail': '06:30-07:30', 'location': '家中健身房', 'details': '因沙尘天气取消晨跑，","[{'activity_name': '午餐与休息', 'time_detail': '12:00-13:00', 'location': '家中餐厅', 'details': '准备清淡的午餐，如蒸","[{'activity_name': '教学工作', 'time_detail': '15:00-17:00', 'location': '云枢大学线上教室', 'details': '为天文系学生进","[{'activity_name': '晚餐准备', 'time_detail': '18:00-18:30', 'location': '家中厨房', 'details': '准备晚餐，炖一锅营养丰","[{'activity_name': '睡前阅读', 'time_detail': '21:30-22:00', 'location': '卧室', 'details': '阅读一本旅行摄影集，放松心",,,,
10,2025-07-03,星期四,普通日,方知衡今日将保持自律高效的生活节奏，进行晨跑、学术研究、教学工作，并安排个人休闲时间，享受一个安静充实的工作日。,方知衡今日心理状态平稳，精神专注，一如既往地保持严谨自律的工作态度，同时也会在适当时候放松身心。,"[{'activity_name': '晨跑', 'time_detail': '06:30-07:00', 'location': '小区内跑步道', 'details': '按照惯例进行30分钟晨","[{'activity_name': '教学工作', 'time_detail': '09:30-11:30', 'location': '云枢大学天文系教学楼', 'details': '为研究生讲","[{'activity_name': '研究工作', 'time_detail': '13:30-16:30', 'location': '香丘天文院实验室', 'details': '进行宇宙尘埃样","[{'activity_name': '数据处理', 'time_detail': '17:00-18:30', 'location': '香丘天文院办公室', 'details': '整理分析下午的","[{'activity_name': '个人阅读', 'time_detail': '20:30-21:30', 'location': '家中书房', 'details': '阅读严肃文学作品《雪》",,,,
11,2025-07-04,星期五,普通日,方知衡今日将保持自律高效的生活节奏，因阵雨天气调整户外活动为室内运动，专注学术研究并安排个人休闲时间，享受一个安静充实的工作日。,方知衡今日心理状态平稳，因天气原因略感遗憾但迅速调整计划，保持专注严谨的学术态度，同时享受独处的宁静时光。,"[{'activity_name': '室内晨练', 'time_detail': '06:30-07:30', 'location': '家中健身房', 'details': '因阵雨天气取消户外晨","[{'activity_name': '午餐休息', 'time_detail': '12:00-13:00', 'location': '小区会所餐厅', 'details': '选择会所安静的角落","[{'activity_name': '线上学术会议', 'time_detail': '14:00-15:30', 'location': '家庭办公室', 'details': '作为评议专家参与","[{'activity_name': '晚餐与整理', 'time_detail': '18:30-19:30', 'location': '家中厨房/书房', 'details': '准备简单的法式","[{'activity_name': '睡前阅读', 'time_detail': '21:30-22:30', 'location': '卧室阅读角', 'details': '阅读阿西莫夫的科普文",,,,
12,2025-07-05,星期六,普通日,方知衡今日将保持自律高效的生活节奏，因小雨天气调整户外活动为室内运动，专注学术研究并安排个人休闲时间，享受一个安静充实的周末。,方知衡今日心理状态平和专注，因周末无需教学而稍显放松，但仍保持严谨的工作态度。对雨天带来的不便略有遗憾，但已做好室内活动调整。,"[{'activity_name': '晨间阅读与咖啡', 'time_detail': '07:00-07:30', 'location': '家中书房', 'details': '计划在书房安静地","[{'activity_name': '天文数据分析', 'time_detail': '09:00-12:00', 'location': '家中工作室', 'details': '专注处理上周在香","[{'activity_name': '午餐与短暂休息', 'time_detail': '12:00-13:00', 'location': '家中餐厅与客厅', 'details': '准备清淡的","[{'activity_name': '晚餐准备与用餐', 'time_detail': '18:00-19:00', 'location': '家中厨房与餐厅', 'details': '准备法式晚","[{'activity_name': '睡前阅读与准备', 'time_detail': '21:30-22:30', 'location': '卧室', 'details': '阅读一本严肃文学作品",,,,
13,2025-07-06,星期日,普通日,方知衡今日将保持自律高效的生活节奏，进行晨跑、学术研究、阅读和观影，享受一个安静充实的周末。,方知衡今日心理状态平和，精神专注，计划充分利用周末时间进行学术研究和个人休闲，保持一贯的自律与高效。,"[{'activity_name': '晨跑', 'time_detail': '06:30-07:30', 'location': '小区公园', 'details': '方知衡计划在清晨进行一小时","[{'activity_name': '学术研究', 'time_detail': '09:00-12:00', 'location': '家中书房', 'details': '方知衡计划专注于宇宙物","[{'activity_name': '午餐与休息', 'time_detail': '12:15-13:30', 'location': '家中餐厅', 'details': '方知衡准备一份清淡的","[{'activity_name': '晚餐准备与用餐', 'time_detail': '17:30-18:30', 'location': '家中厨房', 'details': '方知衡准备烹饪一","[{'activity_name': '睡前阅读', 'time_detail': '21:30-22:30', 'location': '卧室', 'details': '方知衡计划阅读一本严肃文学",,,,
14,2025-07-07,星期一,普通日,方知衡今日将保持自律高效的生活节奏，进行晨跑、学术研究、教学工作，并安排个人休闲时间，享受一个安静充实的工作日。,方知衡今日心理状态平稳，专注力强，对工作充满热情，同时保持对生活的细致观察和思考。,"[{'activity_name': '晨跑', 'time_detail': '06:30-07:00', 'location': '住所附近的公园', 'details': '方知衡计划进行30分","[{'activity_name': '教学工作', 'time_detail': '09:00-11:30', 'location': '云枢大学天文系教学楼', 'details': '为研究生讲","[{'activity_name': '课题研究', 'time_detail': '13:30-15:30', 'location': '香丘天文院实验室', 'details': '继续宇宙尘埃物","[{'activity_name': '晚餐与放松', 'time_detail': '18:30-19:30', 'location': '家中', 'details': '准备简单的沙拉和炖汤晚餐","[{'activity_name': '睡前阅读', 'time_detail': '22:00-22:30', 'location': '卧室', 'details': '阅读严肃文学作品《宇宙与尘",,,,
15,2025-07-08,星期二,普通日,方知衡今日将保持自律高效的生活节奏，因毛毛雨天气调整户外活动为室内运动，专注学术研究并安排个人休闲时间，享受一个安静充实的工作日。,方知衡今日心理状态平静专注，因天气原因稍显遗憾但迅速调整计划，保持一贯的严谨与自律。,"[{'activity_name': '室内晨练', 'time_detail': '06:30-07:00', 'location': '家中健身房', 'details': '因毛毛雨天气取消户外","[{'activity_name': '实验室研究', 'time_detail': '09:00-12:00', 'location': '香丘天文院3号实验室', 'details': '专注处理","[{'activity_name': '研究生指导', 'time_detail': '14:00-15:30', 'location': '云枢大学天文系307研讨室', 'details': '为","[{'activity_name': '晚餐与整理', 'time_detail': '18:30-19:30', 'location': '家中书房', 'details': '预定附近粤菜馆的养生","[{'activity_name': '纪录片观赏', 'time_detail': '21:30-22:30', 'location': '家庭影音室', 'details': '观看BBC最新宇宙",,,,
16,2025-07-09,星期三,普通日,方知衡今日将保持自律高效的生活节奏，进行晨跑、学术研究、教学工作，并安排个人休闲时间，享受一个安静充实的工作日。,方知衡今日心理状态平和专注，精神饱满，准备迎接充实的工作日。他保持一贯的冷静与内敛，对即将进行的研究和教学充满期待。,"[{'activity_name': '晨跑', 'time_detail': '06:30-07:00', 'location': '住所附近的公园', 'details': '计划进行30分钟的晨","[{'activity_name': '学术研究', 'time_detail': '09:00-12:00', 'location': '香丘天文院研究室', 'details': '专注于宇宙物质","[{'activity_name': '教学工作', 'time_detail': '14:00-16:00', 'location': '云枢大学天文系教室', 'details': '为天文系学生","[{'activity_name': '晚餐与放松', 'time_detail': '18:30-19:30', 'location': '家中', 'details': '准备一份简单的晚餐，可能","[{'activity_name': '睡前准备', 'time_detail': '22:00-22:30', 'location': '家中', 'details': '进行睡前的准备工作，包括洗",,,,
17,2025-07-10,星期四,普通日,方知衡今日将保持自律高效的生活节奏，进行晨跑、学术研究、教学工作，并安排个人休闲时间，享受一个安静充实的工作日。,方知衡今日心理状态平稳，专注力强，对工作充满热情，同时保持对生活的细致观察和思考。,"[{'activity_name': '晨跑', 'time_detail': '06:30-07:00', 'location': '云枢大学校园', 'details': '方知衡计划进行30分钟","[{'activity_name': '午餐', 'time_detail': '12:00-12:30', 'location': '校园附近的粤菜餐厅', 'details': '方知衡打算去一家","[{'activity_name': '教学工作', 'time_detail': '14:00-16:00', 'location': '云枢大学天文系教室', 'details': '方知衡将进行","[{'activity_name': '晚餐', 'time_detail': '18:30-19:00', 'location': '家中', 'details': '方知衡准备在家中用晚餐，可能会","[{'activity_name': '观影', 'time_detail': '21:00-22:30', 'location': '家中客厅', 'details': '方知衡打算观看一部科幻电影",,,,
18,2025-07-11,星期五,普通日,方知衡今日将因阵雨天气调整户外活动为室内运动，专注学术研究并安排个人休闲时间，享受一个安静充实的工作日。,方知衡今日精神状态良好，保持一贯的冷静专注，虽因天气原因略感遗憾，但迅速调整计划，对室内活动同样投入热情。,"[{'activity_name': '室内晨练', 'time_detail': '06:30-07:00', 'location': '家中健身房', 'details': '因阵雨天气取消户外晨","[{'activity_name': '前往大学', 'time_detail': '09:15-09:45', 'location': '私家车', 'details': '驾驶通勤轿车前往云枢大学","[{'activity_name': '数据分析', 'time_detail': '13:30-15:30', 'location': '大学研究室', 'details': '专注处理近期收集的宇","[{'activity_name': '返家', 'time_detail': '18:00-18:30', 'location': '私家车', 'details': '驾车回家途中经过超市，购买新","[{'activity_name': '电影欣赏', 'time_detail': '20:45-22:15', 'location': '家中影音室', 'details': '观看一部科幻题材的电",,,,
19,2025-07-12,星期六,普通日,方知衡今日将保持自律高效的生活节奏，进行晨跑、学术研究、阅读和观影，享受一个安静充实的周末。,方知衡今日心理状态平和专注，精神状况良好，一如既往地保持严谨自律的生活态度，对学术研究充满热情，同时也会合理安排个人休闲时间。,"[{'activity_name': '晨跑', 'time_detail': '06:30-07:30', 'location': '小区公园', 'details': '方知衡计划进行一小时的晨跑","[{'activity_name': '学术研究', 'time_detail': '09:00-12:00', 'location': '家中书房', 'details': '方知衡计划利用上午的黄","[{'activity_name': '午餐与休息', 'time_detail': '12:15-13:30', 'location': '粤式餐厅', 'details': '方知衡选择一家安静的","[{'activity_name': '阅读与整理', 'time_detail': '16:00-18:00', 'location': '家中书房', 'details': '方知衡准备继续早上的","[{'activity_name': '晚餐与观影', 'time_detail': '19:00-21:30', 'location': '家中', 'details': '方知衡准备亲自下厨做一顿",,,,
20,2025-07-13,星期日,普通日,方知衡今日将保持自律高效的生活节奏，进行晨跑、学术研究、阅读和观影，享受一个安静充实的周末。,方知衡今日心情平静，专注于个人事务，享受独处的时光，精神饱满且专注。,"[{'activity_name': '晨跑', 'time_detail': '06:30-07:30', 'location': '小区附近的公园', 'details': '方知衡计划在清晨阳光","[{'activity_name': '学术研究', 'time_detail': '09:00-12:00', 'location': '家中书房', 'details': '方知衡计划利用上午的时","[{'activity_name': '午餐与休息', 'time_detail': '12:30-13:30', 'location': '家中餐厅', 'details': '研究告一段落后，方知","[{'activity_name': '晚餐与散步', 'time_detail': '18:00-19:00', 'location': '家中及小区附近', 'details': '傍晚时分，方知","[{'activity_name': '观影', 'time_detail': '20:00-22:00', 'location': '家中客厅', 'details': '晚上，方知衡计划观看一部科",,,,
21,2025-07-14,星期一,普通日,方知衡今日将保持自律高效的生活节奏，进行晨跑、学术研究、教学工作，并安排个人休闲时间，享受一个安静充实的工作日。,方知衡今日心理状态平稳，精神专注，一如既往地保持严谨自律的工作态度，同时也会在适当时候放松自己，享受独处的宁静时光。,"[{'activity_name': '晨跑', 'time_detail': '06:30-07:00', 'location': '住所附近的公园', 'details': '方知衡计划进行30分","[{'activity_name': '教学工作', 'time_detail': '09:00-11:30', 'location': '云枢大学天文系教室', 'details': ""方知衡今天有","[{'activity_name': '学术研究', 'time_detail': '13:30-16:30', 'location': '香丘天文院实验室', 'details': '方知衡专注于宇","[{'activity_name': '数据处理与论文撰写', 'time_detail': '17:00-19:00', 'location': '家中书房', 'details': '方知衡回家后","[{'activity_name': '休闲阅读', 'time_detail': '20:30-21:30', 'location': '家中书房', 'details': '方知衡选择了一本严肃文",,,,
22,2025-07-15,星期二,普通日,方知衡今日将因中雨天气调整户外活动为室内运动，专注学术研究、教学工作，并安排个人休闲时间，享受一个安静充实的工作日。,方知衡今日心理状态平稳，因天气原因稍感遗憾但很快调整心态，专注于工作和个人兴趣，保持一贯的冷静和自律。,"[{'activity_name': '室内晨练', 'time_detail': '06:30-07:00', 'location': '家中健身房', 'details': '因中雨天气无法进行户","[{'activity_name': '午餐与休息', 'time_detail': '12:00-13:00', 'location': '天文院附近安静餐厅', 'details': '选择一家安","[{'activity_name': '教学工作', 'time_detail': '14:00-16:00', 'location': '云枢大学天文系教室', 'details': '教授天文系学","[{'activity_name': '晚餐与放松', 'time_detail': '18:00-19:00', 'location': '家中', 'details': '准备一份简单的晚餐，如沙","[{'activity_name': '观影', 'time_detail': '21:00-22:30', 'location': '家中影音室', 'details': '选择一部科幻或历史题材的",,,,
23,2025-07-16,星期三,普通日,方知衡今日将因沙尘天气调整户外活动为室内运动，专注学术研究、教学工作，并安排个人休闲时间，享受一个安静充实的工作日。,方知衡今日心情平静，因沙尘天气略感不适，但依然保持高效专注的工作状态，对室内活动安排感到满意。,"[{'activity_name': '晨间洗漱与早餐', 'time_detail': '06:30-07:00', 'location': '家中', 'details': '方知衡准时起床，进行","[{'activity_name': '午餐', 'time_detail': '12:00-12:30', 'location': '家中', 'details': '方知衡准备了一份清淡的粤式午餐","[{'activity_name': '教学工作', 'time_detail': '14:00-16:00', 'location': '云枢大学办公室', 'details': '方知衡前往大学进","[{'activity_name': '晚餐', 'time_detail': '18:30-19:00', 'location': '家中', 'details': '方知衡准备了一份简单的法式晚餐","[{'activity_name': '晚间阅读', 'time_detail': '21:00-22:00', 'location': '家中书房', 'details': '方知衡在睡前阅读一本严",,,,
24,2025-07-17,星期四,普通日,方知衡今日将保持自律高效的生活节奏，进行室内运动、学术研究、教学工作，并安排个人休闲时间，享受一个安静充实的工作日。,方知衡今日心理状态平稳，专注力强，因寒冷天气略感不适但未影响工作热情，对即将进行的学术研究充满期待。,"[{'activity_name': '室内运动', 'time_detail': '06:30-07:30', 'location': '家中健身房', 'details': '因寒冷天气调整原定的","[{'activity_name': '午餐与休息', 'time_detail': '12:00-13:00', 'location': '家中餐厅', 'details': '准备一份清淡的粤式午","[{'activity_name': '教学工作', 'time_detail': '13:00-15:00', 'location': '云枢大学天文系', 'details': '前往云枢大学进行","[{'activity_name': '晚餐与放松', 'time_detail': '18:00-19:00', 'location': '家中餐厅', 'details': '准备一份简单的法式晚","[{'activity_name': '睡前准备', 'time_detail': '22:00-22:30', 'location': '家中卧室', 'details': '进行睡前的放松活动，如",,,,
25,2025-07-18,星期五,普通日,因大雨天气调整户外活动为室内运动，专注学术研究并安排个人休闲时间，享受一个安静充实的工作日。,方知衡今日保持一贯的冷静专注，因天气原因稍感遗憾但迅速调整计划，对室内工作安排感到满意。,"[{'activity_name': '晨间整理与阅读', 'time_detail': '06:30-07:30', 'location': '家中书房', 'details': '因大雨取消晨跑，","[{'activity_name': '线上学术会议', 'time_detail': '09:00-11:30', 'location': '家庭办公室', 'details': '通过Zoom参加","[{'activity_name': '论文审阅', 'time_detail': '13:30-15:30', 'location': '家庭办公室', 'details': '批改研究生提交的关于","[{'activity_name': '晚餐与散步', 'time_detail': '18:30-19:30', 'location': '家中及小区连廊', 'details': '准备法式蔬菜浓","[{'activity_name': '电影观赏', 'time_detail': '21:30-23:00', 'location': '家庭影音室', 'details': '选择诺兰执导的《星际",,,,
26,2025-07-19,星期六,普通日,方知衡今日将保持自律高效的生活节奏，进行晨跑、学术研究、阅读和观影，享受一个安静充实的周末。,方知衡今日心理状态平和，精神专注，因周末无教学任务，计划专注于个人研究兴趣和休闲活动，享受独处时光。,"[{'activity_name': '晨跑', 'time_detail': '06:30-07:30', 'location': '住宅附近公园', 'details': '方知衡计划进行每日的晨","[{'activity_name': '宇宙物质研究', 'time_detail': '09:00-12:00', 'location': '家庭办公室', 'details': '专注于宇宙物质专","[{'activity_name': '午餐与短暂休息', 'time_detail': '12:15-13:30', 'location': '家中餐厅', 'details': '准备简单的粤式午","[{'activity_name': '晚餐准备与用餐', 'time_detail': '17:30-18:30', 'location': '家中厨房与餐厅', 'details': '准备法式晚","[{'activity_name': '睡前阅读与准备', 'time_detail': '21:30-22:30', 'location': '卧室', 'details': '阅读严肃文学作品《三",,,,
27,2025-07-20,星期日,普通日,方知衡今日将因小雨天气调整户外活动为室内运动，专注学术研究、阅读和观影，享受一个安静充实的周末。,方知衡今日心情平静，专注于个人事务，享受独处的时光，对雨天带来的宁静感到舒适。,"[{'activity_name': '室内晨练', 'time_detail': '07:00-07:30', 'location': '家中健身房', 'details': '因小雨天气，方知衡将","[{'activity_name': '学术研究', 'time_detail': '09:00-12:00', 'location': '家中书房', 'details': '专注于宇宙物质专项课题","[{'activity_name': '午餐与休息', 'time_detail': '12:00-13:00', 'location': '家中餐厅', 'details': '准备一份清淡的粤式午","[{'activity_name': '观影时间', 'time_detail': '18:00-20:00', 'location': '家中客厅', 'details': '选择一部科幻或历史题材","[{'activity_name': '晚餐与整理', 'time_detail': '20:00-21:00', 'location': '家中餐厅', 'details': '准备一份简单的晚餐，",,,,
28,2025-07-21,星期一,普通日,因沙尘天气调整户外活动为室内运动，专注学术研究、教学工作，并安排个人休闲时间，享受一个安静充实的工作日。,方知衡今日保持冷静专注的状态，因天气原因稍感遗憾但迅速调整计划，对学术工作充满热情，对教学认真负责，晚间期待通过阅读和观影放松身心。,"[{'activity_name': '晨间整理与早餐', 'time_detail': '06:30-07:00', 'location': '家中', 'details': '方知衡准时起床，进行","[{'activity_name': '午餐与短暂休息', 'time_detail': '12:00-13:00', 'location': '家中餐厅', 'details': '准备一份清淡的午","[{'activity_name': '教学工作', 'time_detail': '14:00-16:00', 'location': '云枢大学天文系', 'details': '前往大学进行客座","[{'activity_name': '晚餐', 'time_detail': '19:00-19:30', 'location': '安静的法餐厅', 'details': '选择一家安静的法餐厅享","[{'activity_name': '观影', 'time_detail': '22:00-23:30', 'location': '家中影音室', 'details': '选择一部科幻或悬疑类电影",,,,
29,2025-07-22,星期二,普通日,方知衡今日将因雪天调整户外活动为室内运动，专注学术研究、教学工作，并安排个人休闲时间，享受一个安静充实的工作日。,方知衡今日心理状态平稳，因天气原因稍感遗憾但迅速调整计划，保持一贯的专注与自律，对工作充满热情，对生活保持细致与品味。,"[{'activity_name': '晨间整理与阅读', 'time_detail': '06:30-07:00', 'location': '家中书房', 'details': '方知衡按照惯例早","[{'activity_name': '前往办公室', 'time_detail': '08:00-08:30', 'location': '私家车', 'details': '驾驶私家车前往云枢大学","[{'activity_name': '午餐与短暂休息', 'time_detail': '12:00-13:00', 'location': '校园内安静餐厅', 'details': '选择校园内","[{'activity_name': '返回家中', 'time_detail': '17:00-17:30', 'location': '私家车', 'details': '驾车回家，雪天行车缓慢，","[{'activity_name': '个人休闲时间', 'time_detail': '18:30-20:00', 'location': '家中书房', 'details': '阅读一本严肃文学作",,,,
30,2025-07-23,星期三,普通日,方知衡今日将因小雨天气调整户外活动为室内运动，专注学术研究、教学工作，并安排个人休闲时间，享受一个安静充实的工作日。,方知衡今日心理状态平稳，因天气原因稍感遗憾但迅速调整计划，保持专注和自律，对工作充满热情，对休闲时间充满期待。,"[{'activity_name': '晨间整理与阅读', 'time_detail': '06:30-07:00', 'location': '家中书房', 'details': '方知衡准时起床，","[{'activity_name': '前往大学', 'time_detail': '08:30-09:00', 'location': '私家车', 'details': '驾驶私家车前往云枢大学，","[{'activity_name': '午餐', 'time_detail': '12:00-13:00', 'location': '大学附近安静餐厅', 'details': '选择一家安静的粤菜","[{'activity_name': '继续研究', 'time_detail': '15:30-18:00', 'location': '香丘天文院办公室', 'details': '继续上午的研究","[{'activity_name': '晚餐', 'time_detail': '18:30-19:00', 'location': '家中餐厅', 'details': '准备一份简单的晚餐，以清淡",,,,
